<application>
  <component name="CodotaSettings">
    <option name="methodCompletionsPercentageSet" value="true" />
    <option name="overrideDoubleCtrlOpenSearch" value="true" />
    <option name="id" value="158f87ef-db60-4c82-a197-de428975e24d" />
    <option name="wasRunBefore" value="true" />
    <option name="firstRun" value="1604413858516" />
    <option name="generation" value="128" />
    <option name="updateGeneration" value="1" />
    <option name="isInJSBeta" value="YES" />
    <option name="isMethodCompletionsPercentageActive" value="true" />
    <option name="isMethodCompletionsPercentageSet" value="true" />
    <option name="isOverrideDoubleCtrlOpenSearch" value="true" />
    <option name="featureFlags">
      <map>
        <entry key="deep-completions" value="true" />
      </map>
    </option>
    <option name="testedFeatureFlags">
      <set>
        <option value="deep-completions" />
      </set>
    </option>
    <option name="everTurnedOnFeatureFlags">
      <set>
        <option value="deep-completions" />
      </set>
    </option>
    <option name="usedLanguages">
      <set>
        <option value="java" />
        <option value="kotlin" />
      </set>
    </option>
  </component>
</application>