<application>
  <component name="ProjectJdkTable">
    <jdk version="2">
      <name value="oracle_1.8" />
      <type value="JavaSDK" />
      <version value="java version &quot;1.8.0_72&quot;" />
      <homePath value="C:/Program Files/Java/jdk1.8.0_72" />
      <roots>
        <annotationsPath>
          <root type="composite">
            <root url="jar://$APPLICATION_HOME_DIR$/plugins/java/lib/jdkAnnotations.jar!/" type="simple" />
          </root>
        </annotationsPath>
        <classPath>
          <root type="composite">
            <root url="jar://C:/Program Files/Java/jdk1.8.0_72/jre/lib/charsets.jar!/" type="simple" />
            <root url="jar://C:/Program Files/Java/jdk1.8.0_72/jre/lib/deploy.jar!/" type="simple" />
            <root url="jar://C:/Program Files/Java/jdk1.8.0_72/jre/lib/ext/access-bridge-64.jar!/" type="simple" />
            <root url="jar://C:/Program Files/Java/jdk1.8.0_72/jre/lib/ext/cldrdata.jar!/" type="simple" />
            <root url="jar://C:/Program Files/Java/jdk1.8.0_72/jre/lib/ext/dnsns.jar!/" type="simple" />
            <root url="jar://C:/Program Files/Java/jdk1.8.0_72/jre/lib/ext/jaccess.jar!/" type="simple" />
            <root url="jar://C:/Program Files/Java/jdk1.8.0_72/jre/lib/ext/jfxrt.jar!/" type="simple" />
            <root url="jar://C:/Program Files/Java/jdk1.8.0_72/jre/lib/ext/localedata.jar!/" type="simple" />
            <root url="jar://C:/Program Files/Java/jdk1.8.0_72/jre/lib/ext/nashorn.jar!/" type="simple" />
            <root url="jar://C:/Program Files/Java/jdk1.8.0_72/jre/lib/ext/sunec.jar!/" type="simple" />
            <root url="jar://C:/Program Files/Java/jdk1.8.0_72/jre/lib/ext/sunjce_provider.jar!/" type="simple" />
            <root url="jar://C:/Program Files/Java/jdk1.8.0_72/jre/lib/ext/sunmscapi.jar!/" type="simple" />
            <root url="jar://C:/Program Files/Java/jdk1.8.0_72/jre/lib/ext/sunpkcs11.jar!/" type="simple" />
            <root url="jar://C:/Program Files/Java/jdk1.8.0_72/jre/lib/ext/zipfs.jar!/" type="simple" />
            <root url="jar://C:/Program Files/Java/jdk1.8.0_72/jre/lib/javaws.jar!/" type="simple" />
            <root url="jar://C:/Program Files/Java/jdk1.8.0_72/jre/lib/jce.jar!/" type="simple" />
            <root url="jar://C:/Program Files/Java/jdk1.8.0_72/jre/lib/jfr.jar!/" type="simple" />
            <root url="jar://C:/Program Files/Java/jdk1.8.0_72/jre/lib/jfxswt.jar!/" type="simple" />
            <root url="jar://C:/Program Files/Java/jdk1.8.0_72/jre/lib/jsse.jar!/" type="simple" />
            <root url="jar://C:/Program Files/Java/jdk1.8.0_72/jre/lib/management-agent.jar!/" type="simple" />
            <root url="jar://C:/Program Files/Java/jdk1.8.0_72/jre/lib/plugin.jar!/" type="simple" />
            <root url="jar://C:/Program Files/Java/jdk1.8.0_72/jre/lib/resources.jar!/" type="simple" />
            <root url="jar://C:/Program Files/Java/jdk1.8.0_72/jre/lib/rt.jar!/" type="simple" />
          </root>
        </classPath>
        <javadocPath>
          <root type="composite" />
        </javadocPath>
        <sourcePath>
          <root type="composite">
            <root url="jar://C:/Program Files/Java/jdk1.8.0_72/javafx-src.zip!/" type="simple" />
            <root url="jar://C:/Program Files/Java/jdk1.8.0_72/src.zip!/" type="simple" />
          </root>
        </sourcePath>
      </roots>
      <additional />
    </jdk>
    <jdk version="2">
      <name value="openjdk_1.8" />
      <type value="JavaSDK" />
      <version value="java version &quot;1.8.0_282&quot;" />
      <homePath value="D:/project/source-learn/openjdk-1.8.0.282" />
      <roots>
        <annotationsPath>
          <root type="composite">
            <root url="jar://$APPLICATION_HOME_DIR$/plugins/java/lib/jdkAnnotations.jar!/" type="simple" />
          </root>
        </annotationsPath>
        <classPath>
          <root type="composite">
            <root url="jar://D:/project/source-learn/openjdk-1.8.0.282/jre/lib/charsets.jar!/" type="simple" />
            <root url="jar://D:/project/source-learn/openjdk-1.8.0.282/jre/lib/ext/access-bridge-64.jar!/" type="simple" />
            <root url="jar://D:/project/source-learn/openjdk-1.8.0.282/jre/lib/ext/cldrdata.jar!/" type="simple" />
            <root url="jar://D:/project/source-learn/openjdk-1.8.0.282/jre/lib/ext/dnsns.jar!/" type="simple" />
            <root url="jar://D:/project/source-learn/openjdk-1.8.0.282/jre/lib/ext/jaccess.jar!/" type="simple" />
            <root url="jar://D:/project/source-learn/openjdk-1.8.0.282/jre/lib/ext/localedata.jar!/" type="simple" />
            <root url="jar://D:/project/source-learn/openjdk-1.8.0.282/jre/lib/ext/nashorn.jar!/" type="simple" />
            <root url="jar://D:/project/source-learn/openjdk-1.8.0.282/jre/lib/ext/sunec.jar!/" type="simple" />
            <root url="jar://D:/project/source-learn/openjdk-1.8.0.282/jre/lib/ext/sunjce_provider.jar!/" type="simple" />
            <root url="jar://D:/project/source-learn/openjdk-1.8.0.282/jre/lib/ext/sunmscapi.jar!/" type="simple" />
            <root url="jar://D:/project/source-learn/openjdk-1.8.0.282/jre/lib/ext/sunpkcs11.jar!/" type="simple" />
            <root url="jar://D:/project/source-learn/openjdk-1.8.0.282/jre/lib/ext/zipfs.jar!/" type="simple" />
            <root url="jar://D:/project/source-learn/openjdk-1.8.0.282/jre/lib/jce.jar!/" type="simple" />
            <root url="jar://D:/project/source-learn/openjdk-1.8.0.282/jre/lib/jfr.jar!/" type="simple" />
            <root url="jar://D:/project/source-learn/openjdk-1.8.0.282/jre/lib/jsse.jar!/" type="simple" />
            <root url="jar://D:/project/source-learn/openjdk-1.8.0.282/jre/lib/management-agent.jar!/" type="simple" />
            <root url="jar://D:/project/source-learn/openjdk-1.8.0.282/jre/lib/resources.jar!/" type="simple" />
            <root url="jar://D:/project/source-learn/openjdk-1.8.0.282/jre/lib/rt.jar!/" type="simple" />
          </root>
        </classPath>
        <javadocPath>
          <root type="composite" />
        </javadocPath>
        <sourcePath>
          <root type="composite">
            <root url="file://D:/project/source-learn/openjdk-1.8.0.282/openjdk-1.8.0.282.src" type="simple" />
          </root>
        </sourcePath>
      </roots>
      <additional />
    </jdk>
    <jdk version="2">
      <name value="openjdk_11" />
      <type value="JavaSDK" />
      <version value="java version &quot;11.0.10&quot;" />
      <homePath value="D:/project/source-learn/openjdk-11.0.10.9" />
      <roots>
        <annotationsPath>
          <root type="composite">
            <root url="jar://$APPLICATION_HOME_DIR$/plugins/java/lib/jdkAnnotations.jar!/" type="simple" />
          </root>
        </annotationsPath>
        <classPath>
          <root type="composite">
            <root url="jrt://D:/project/source-learn/openjdk-11.0.10.9!/java.base" type="simple" />
            <root url="jrt://D:/project/source-learn/openjdk-11.0.10.9!/java.compiler" type="simple" />
            <root url="jrt://D:/project/source-learn/openjdk-11.0.10.9!/java.datatransfer" type="simple" />
            <root url="jrt://D:/project/source-learn/openjdk-11.0.10.9!/java.desktop" type="simple" />
            <root url="jrt://D:/project/source-learn/openjdk-11.0.10.9!/java.instrument" type="simple" />
            <root url="jrt://D:/project/source-learn/openjdk-11.0.10.9!/java.logging" type="simple" />
            <root url="jrt://D:/project/source-learn/openjdk-11.0.10.9!/java.management" type="simple" />
            <root url="jrt://D:/project/source-learn/openjdk-11.0.10.9!/java.management.rmi" type="simple" />
            <root url="jrt://D:/project/source-learn/openjdk-11.0.10.9!/java.naming" type="simple" />
            <root url="jrt://D:/project/source-learn/openjdk-11.0.10.9!/java.net.http" type="simple" />
            <root url="jrt://D:/project/source-learn/openjdk-11.0.10.9!/java.prefs" type="simple" />
            <root url="jrt://D:/project/source-learn/openjdk-11.0.10.9!/java.rmi" type="simple" />
            <root url="jrt://D:/project/source-learn/openjdk-11.0.10.9!/java.scripting" type="simple" />
            <root url="jrt://D:/project/source-learn/openjdk-11.0.10.9!/java.se" type="simple" />
            <root url="jrt://D:/project/source-learn/openjdk-11.0.10.9!/java.security.jgss" type="simple" />
            <root url="jrt://D:/project/source-learn/openjdk-11.0.10.9!/java.security.sasl" type="simple" />
            <root url="jrt://D:/project/source-learn/openjdk-11.0.10.9!/java.smartcardio" type="simple" />
            <root url="jrt://D:/project/source-learn/openjdk-11.0.10.9!/java.sql" type="simple" />
            <root url="jrt://D:/project/source-learn/openjdk-11.0.10.9!/java.sql.rowset" type="simple" />
            <root url="jrt://D:/project/source-learn/openjdk-11.0.10.9!/java.transaction.xa" type="simple" />
            <root url="jrt://D:/project/source-learn/openjdk-11.0.10.9!/java.xml" type="simple" />
            <root url="jrt://D:/project/source-learn/openjdk-11.0.10.9!/java.xml.crypto" type="simple" />
            <root url="jrt://D:/project/source-learn/openjdk-11.0.10.9!/jdk.accessibility" type="simple" />
            <root url="jrt://D:/project/source-learn/openjdk-11.0.10.9!/jdk.aot" type="simple" />
            <root url="jrt://D:/project/source-learn/openjdk-11.0.10.9!/jdk.attach" type="simple" />
            <root url="jrt://D:/project/source-learn/openjdk-11.0.10.9!/jdk.charsets" type="simple" />
            <root url="jrt://D:/project/source-learn/openjdk-11.0.10.9!/jdk.compiler" type="simple" />
            <root url="jrt://D:/project/source-learn/openjdk-11.0.10.9!/jdk.crypto.cryptoki" type="simple" />
            <root url="jrt://D:/project/source-learn/openjdk-11.0.10.9!/jdk.crypto.ec" type="simple" />
            <root url="jrt://D:/project/source-learn/openjdk-11.0.10.9!/jdk.crypto.mscapi" type="simple" />
            <root url="jrt://D:/project/source-learn/openjdk-11.0.10.9!/jdk.dynalink" type="simple" />
            <root url="jrt://D:/project/source-learn/openjdk-11.0.10.9!/jdk.editpad" type="simple" />
            <root url="jrt://D:/project/source-learn/openjdk-11.0.10.9!/jdk.hotspot.agent" type="simple" />
            <root url="jrt://D:/project/source-learn/openjdk-11.0.10.9!/jdk.httpserver" type="simple" />
            <root url="jrt://D:/project/source-learn/openjdk-11.0.10.9!/jdk.internal.ed" type="simple" />
            <root url="jrt://D:/project/source-learn/openjdk-11.0.10.9!/jdk.internal.jvmstat" type="simple" />
            <root url="jrt://D:/project/source-learn/openjdk-11.0.10.9!/jdk.internal.le" type="simple" />
            <root url="jrt://D:/project/source-learn/openjdk-11.0.10.9!/jdk.internal.opt" type="simple" />
            <root url="jrt://D:/project/source-learn/openjdk-11.0.10.9!/jdk.internal.vm.ci" type="simple" />
            <root url="jrt://D:/project/source-learn/openjdk-11.0.10.9!/jdk.internal.vm.compiler" type="simple" />
            <root url="jrt://D:/project/source-learn/openjdk-11.0.10.9!/jdk.internal.vm.compiler.management" type="simple" />
            <root url="jrt://D:/project/source-learn/openjdk-11.0.10.9!/jdk.jartool" type="simple" />
            <root url="jrt://D:/project/source-learn/openjdk-11.0.10.9!/jdk.javadoc" type="simple" />
            <root url="jrt://D:/project/source-learn/openjdk-11.0.10.9!/jdk.jcmd" type="simple" />
            <root url="jrt://D:/project/source-learn/openjdk-11.0.10.9!/jdk.jconsole" type="simple" />
            <root url="jrt://D:/project/source-learn/openjdk-11.0.10.9!/jdk.jdeps" type="simple" />
            <root url="jrt://D:/project/source-learn/openjdk-11.0.10.9!/jdk.jdi" type="simple" />
            <root url="jrt://D:/project/source-learn/openjdk-11.0.10.9!/jdk.jdwp.agent" type="simple" />
            <root url="jrt://D:/project/source-learn/openjdk-11.0.10.9!/jdk.jfr" type="simple" />
            <root url="jrt://D:/project/source-learn/openjdk-11.0.10.9!/jdk.jlink" type="simple" />
            <root url="jrt://D:/project/source-learn/openjdk-11.0.10.9!/jdk.jshell" type="simple" />
            <root url="jrt://D:/project/source-learn/openjdk-11.0.10.9!/jdk.jsobject" type="simple" />
            <root url="jrt://D:/project/source-learn/openjdk-11.0.10.9!/jdk.jstatd" type="simple" />
            <root url="jrt://D:/project/source-learn/openjdk-11.0.10.9!/jdk.localedata" type="simple" />
            <root url="jrt://D:/project/source-learn/openjdk-11.0.10.9!/jdk.management" type="simple" />
            <root url="jrt://D:/project/source-learn/openjdk-11.0.10.9!/jdk.management.agent" type="simple" />
            <root url="jrt://D:/project/source-learn/openjdk-11.0.10.9!/jdk.management.jfr" type="simple" />
            <root url="jrt://D:/project/source-learn/openjdk-11.0.10.9!/jdk.naming.dns" type="simple" />
            <root url="jrt://D:/project/source-learn/openjdk-11.0.10.9!/jdk.naming.ldap" type="simple" />
            <root url="jrt://D:/project/source-learn/openjdk-11.0.10.9!/jdk.naming.rmi" type="simple" />
            <root url="jrt://D:/project/source-learn/openjdk-11.0.10.9!/jdk.net" type="simple" />
            <root url="jrt://D:/project/source-learn/openjdk-11.0.10.9!/jdk.pack" type="simple" />
            <root url="jrt://D:/project/source-learn/openjdk-11.0.10.9!/jdk.rmic" type="simple" />
            <root url="jrt://D:/project/source-learn/openjdk-11.0.10.9!/jdk.scripting.nashorn" type="simple" />
            <root url="jrt://D:/project/source-learn/openjdk-11.0.10.9!/jdk.scripting.nashorn.shell" type="simple" />
            <root url="jrt://D:/project/source-learn/openjdk-11.0.10.9!/jdk.sctp" type="simple" />
            <root url="jrt://D:/project/source-learn/openjdk-11.0.10.9!/jdk.security.auth" type="simple" />
            <root url="jrt://D:/project/source-learn/openjdk-11.0.10.9!/jdk.security.jgss" type="simple" />
            <root url="jrt://D:/project/source-learn/openjdk-11.0.10.9!/jdk.unsupported" type="simple" />
            <root url="jrt://D:/project/source-learn/openjdk-11.0.10.9!/jdk.unsupported.desktop" type="simple" />
            <root url="jrt://D:/project/source-learn/openjdk-11.0.10.9!/jdk.xml.dom" type="simple" />
            <root url="jrt://D:/project/source-learn/openjdk-11.0.10.9!/jdk.zipfs" type="simple" />
          </root>
        </classPath>
        <javadocPath>
          <root type="composite" />
        </javadocPath>
        <sourcePath>
          <root type="composite">
            <root url="file://D:/project/source-learn/openjdk-11.0.10.9/lib/openjdk-11.0.10.9.src/java.base" type="simple" />
            <root url="file://D:/project/source-learn/openjdk-11.0.10.9/lib/openjdk-11.0.10.9.src/java.compiler" type="simple" />
            <root url="file://D:/project/source-learn/openjdk-11.0.10.9/lib/openjdk-11.0.10.9.src/java.datatransfer" type="simple" />
            <root url="file://D:/project/source-learn/openjdk-11.0.10.9/lib/openjdk-11.0.10.9.src/java.desktop" type="simple" />
            <root url="file://D:/project/source-learn/openjdk-11.0.10.9/lib/openjdk-11.0.10.9.src/java.instrument" type="simple" />
            <root url="file://D:/project/source-learn/openjdk-11.0.10.9/lib/openjdk-11.0.10.9.src/java.logging" type="simple" />
            <root url="file://D:/project/source-learn/openjdk-11.0.10.9/lib/openjdk-11.0.10.9.src/java.management" type="simple" />
            <root url="file://D:/project/source-learn/openjdk-11.0.10.9/lib/openjdk-11.0.10.9.src/java.management.rmi" type="simple" />
            <root url="file://D:/project/source-learn/openjdk-11.0.10.9/lib/openjdk-11.0.10.9.src/java.naming" type="simple" />
            <root url="file://D:/project/source-learn/openjdk-11.0.10.9/lib/openjdk-11.0.10.9.src/java.net.http" type="simple" />
            <root url="file://D:/project/source-learn/openjdk-11.0.10.9/lib/openjdk-11.0.10.9.src/java.prefs" type="simple" />
            <root url="file://D:/project/source-learn/openjdk-11.0.10.9/lib/openjdk-11.0.10.9.src/java.rmi" type="simple" />
            <root url="file://D:/project/source-learn/openjdk-11.0.10.9/lib/openjdk-11.0.10.9.src/java.scripting" type="simple" />
            <root url="file://D:/project/source-learn/openjdk-11.0.10.9/lib/openjdk-11.0.10.9.src/java.security.jgss" type="simple" />
            <root url="file://D:/project/source-learn/openjdk-11.0.10.9/lib/openjdk-11.0.10.9.src/java.security.sasl" type="simple" />
            <root url="file://D:/project/source-learn/openjdk-11.0.10.9/lib/openjdk-11.0.10.9.src/java.smartcardio" type="simple" />
            <root url="file://D:/project/source-learn/openjdk-11.0.10.9/lib/openjdk-11.0.10.9.src/java.sql" type="simple" />
            <root url="file://D:/project/source-learn/openjdk-11.0.10.9/lib/openjdk-11.0.10.9.src/java.sql.rowset" type="simple" />
            <root url="file://D:/project/source-learn/openjdk-11.0.10.9/lib/openjdk-11.0.10.9.src/java.transaction.xa" type="simple" />
            <root url="file://D:/project/source-learn/openjdk-11.0.10.9/lib/openjdk-11.0.10.9.src/java.xml" type="simple" />
            <root url="file://D:/project/source-learn/openjdk-11.0.10.9/lib/openjdk-11.0.10.9.src/java.xml.crypto" type="simple" />
            <root url="file://D:/project/source-learn/openjdk-11.0.10.9/lib/openjdk-11.0.10.9.src/jdk.accessibility" type="simple" />
            <root url="file://D:/project/source-learn/openjdk-11.0.10.9/lib/openjdk-11.0.10.9.src/jdk.aot/jdk.tools.jaotc.binformat/src" type="simple" />
            <root url="file://D:/project/source-learn/openjdk-11.0.10.9/lib/openjdk-11.0.10.9.src/jdk.aot/jdk.tools.jaotc/src" type="simple" />
            <root url="file://D:/project/source-learn/openjdk-11.0.10.9/lib/openjdk-11.0.10.9.src/jdk.attach" type="simple" />
            <root url="file://D:/project/source-learn/openjdk-11.0.10.9/lib/openjdk-11.0.10.9.src/jdk.charsets" type="simple" />
            <root url="file://D:/project/source-learn/openjdk-11.0.10.9/lib/openjdk-11.0.10.9.src/jdk.compiler" type="simple" />
            <root url="file://D:/project/source-learn/openjdk-11.0.10.9/lib/openjdk-11.0.10.9.src/jdk.crypto.cryptoki" type="simple" />
            <root url="file://D:/project/source-learn/openjdk-11.0.10.9/lib/openjdk-11.0.10.9.src/jdk.crypto.ec" type="simple" />
            <root url="file://D:/project/source-learn/openjdk-11.0.10.9/lib/openjdk-11.0.10.9.src/jdk.crypto.mscapi" type="simple" />
            <root url="file://D:/project/source-learn/openjdk-11.0.10.9/lib/openjdk-11.0.10.9.src/jdk.dynalink" type="simple" />
            <root url="file://D:/project/source-learn/openjdk-11.0.10.9/lib/openjdk-11.0.10.9.src/jdk.editpad" type="simple" />
            <root url="file://D:/project/source-learn/openjdk-11.0.10.9/lib/openjdk-11.0.10.9.src/jdk.hotspot.agent" type="simple" />
            <root url="file://D:/project/source-learn/openjdk-11.0.10.9/lib/openjdk-11.0.10.9.src/jdk.httpserver" type="simple" />
            <root url="file://D:/project/source-learn/openjdk-11.0.10.9/lib/openjdk-11.0.10.9.src/jdk.internal.ed" type="simple" />
            <root url="file://D:/project/source-learn/openjdk-11.0.10.9/lib/openjdk-11.0.10.9.src/jdk.internal.jvmstat" type="simple" />
            <root url="file://D:/project/source-learn/openjdk-11.0.10.9/lib/openjdk-11.0.10.9.src/jdk.internal.le" type="simple" />
            <root url="file://D:/project/source-learn/openjdk-11.0.10.9/lib/openjdk-11.0.10.9.src/jdk.internal.opt" type="simple" />
            <root url="file://D:/project/source-learn/openjdk-11.0.10.9/lib/openjdk-11.0.10.9.src/jdk.internal.vm.ci/jdk.vm.ci.aarch64/src" type="simple" />
            <root url="file://D:/project/source-learn/openjdk-11.0.10.9/lib/openjdk-11.0.10.9.src/jdk.internal.vm.ci/jdk.vm.ci.amd64/src" type="simple" />
            <root url="file://D:/project/source-learn/openjdk-11.0.10.9/lib/openjdk-11.0.10.9.src/jdk.internal.vm.ci/jdk.vm.ci.code/src" type="simple" />
            <root url="file://D:/project/source-learn/openjdk-11.0.10.9/lib/openjdk-11.0.10.9.src/jdk.internal.vm.ci/jdk.vm.ci.common/src" type="simple" />
            <root url="file://D:/project/source-learn/openjdk-11.0.10.9/lib/openjdk-11.0.10.9.src/jdk.internal.vm.ci/jdk.vm.ci.hotspot.aarch64/src" type="simple" />
            <root url="file://D:/project/source-learn/openjdk-11.0.10.9/lib/openjdk-11.0.10.9.src/jdk.internal.vm.ci/jdk.vm.ci.hotspot.amd64/src" type="simple" />
            <root url="file://D:/project/source-learn/openjdk-11.0.10.9/lib/openjdk-11.0.10.9.src/jdk.internal.vm.ci/jdk.vm.ci.hotspot.sparc/src" type="simple" />
            <root url="file://D:/project/source-learn/openjdk-11.0.10.9/lib/openjdk-11.0.10.9.src/jdk.internal.vm.ci/jdk.vm.ci.hotspot/src" type="simple" />
            <root url="file://D:/project/source-learn/openjdk-11.0.10.9/lib/openjdk-11.0.10.9.src/jdk.internal.vm.ci/jdk.vm.ci.meta/src" type="simple" />
            <root url="file://D:/project/source-learn/openjdk-11.0.10.9/lib/openjdk-11.0.10.9.src/jdk.internal.vm.ci/jdk.vm.ci.runtime/src" type="simple" />
            <root url="file://D:/project/source-learn/openjdk-11.0.10.9/lib/openjdk-11.0.10.9.src/jdk.internal.vm.ci/jdk.vm.ci.services/src" type="simple" />
            <root url="file://D:/project/source-learn/openjdk-11.0.10.9/lib/openjdk-11.0.10.9.src/jdk.internal.vm.ci/jdk.vm.ci.sparc/src" type="simple" />
            <root url="file://D:/project/source-learn/openjdk-11.0.10.9/lib/openjdk-11.0.10.9.src/jdk.internal.vm.compiler" type="simple" />
            <root url="file://D:/project/source-learn/openjdk-11.0.10.9/lib/openjdk-11.0.10.9.src/jdk.internal.vm.compiler.management/org.graalvm.compiler.hotspot.management/src" type="simple" />
            <root url="file://D:/project/source-learn/openjdk-11.0.10.9/lib/openjdk-11.0.10.9.src/jdk.jartool" type="simple" />
            <root url="file://D:/project/source-learn/openjdk-11.0.10.9/lib/openjdk-11.0.10.9.src/jdk.javadoc" type="simple" />
            <root url="file://D:/project/source-learn/openjdk-11.0.10.9/lib/openjdk-11.0.10.9.src/jdk.jcmd" type="simple" />
            <root url="file://D:/project/source-learn/openjdk-11.0.10.9/lib/openjdk-11.0.10.9.src/jdk.jconsole" type="simple" />
            <root url="file://D:/project/source-learn/openjdk-11.0.10.9/lib/openjdk-11.0.10.9.src/jdk.jdeps" type="simple" />
            <root url="file://D:/project/source-learn/openjdk-11.0.10.9/lib/openjdk-11.0.10.9.src/jdk.jdi" type="simple" />
            <root url="file://D:/project/source-learn/openjdk-11.0.10.9/lib/openjdk-11.0.10.9.src/jdk.jfr" type="simple" />
            <root url="file://D:/project/source-learn/openjdk-11.0.10.9/lib/openjdk-11.0.10.9.src/jdk.jlink" type="simple" />
            <root url="file://D:/project/source-learn/openjdk-11.0.10.9/lib/openjdk-11.0.10.9.src/jdk.jshell" type="simple" />
            <root url="file://D:/project/source-learn/openjdk-11.0.10.9/lib/openjdk-11.0.10.9.src/jdk.jsobject" type="simple" />
            <root url="file://D:/project/source-learn/openjdk-11.0.10.9/lib/openjdk-11.0.10.9.src/jdk.jstatd" type="simple" />
            <root url="file://D:/project/source-learn/openjdk-11.0.10.9/lib/openjdk-11.0.10.9.src/jdk.localedata" type="simple" />
            <root url="file://D:/project/source-learn/openjdk-11.0.10.9/lib/openjdk-11.0.10.9.src/jdk.management" type="simple" />
            <root url="file://D:/project/source-learn/openjdk-11.0.10.9/lib/openjdk-11.0.10.9.src/jdk.management.agent" type="simple" />
            <root url="file://D:/project/source-learn/openjdk-11.0.10.9/lib/openjdk-11.0.10.9.src/jdk.management.jfr" type="simple" />
            <root url="file://D:/project/source-learn/openjdk-11.0.10.9/lib/openjdk-11.0.10.9.src/jdk.naming.dns" type="simple" />
            <root url="file://D:/project/source-learn/openjdk-11.0.10.9/lib/openjdk-11.0.10.9.src/jdk.naming.ldap" type="simple" />
            <root url="file://D:/project/source-learn/openjdk-11.0.10.9/lib/openjdk-11.0.10.9.src/jdk.naming.rmi" type="simple" />
            <root url="file://D:/project/source-learn/openjdk-11.0.10.9/lib/openjdk-11.0.10.9.src/jdk.net" type="simple" />
            <root url="file://D:/project/source-learn/openjdk-11.0.10.9/lib/openjdk-11.0.10.9.src/jdk.rmic" type="simple" />
            <root url="file://D:/project/source-learn/openjdk-11.0.10.9/lib/openjdk-11.0.10.9.src/jdk.scripting.nashorn" type="simple" />
            <root url="file://D:/project/source-learn/openjdk-11.0.10.9/lib/openjdk-11.0.10.9.src/jdk.scripting.nashorn.shell" type="simple" />
            <root url="file://D:/project/source-learn/openjdk-11.0.10.9/lib/openjdk-11.0.10.9.src/jdk.sctp" type="simple" />
            <root url="file://D:/project/source-learn/openjdk-11.0.10.9/lib/openjdk-11.0.10.9.src/jdk.security.auth" type="simple" />
            <root url="file://D:/project/source-learn/openjdk-11.0.10.9/lib/openjdk-11.0.10.9.src/jdk.security.jgss" type="simple" />
            <root url="file://D:/project/source-learn/openjdk-11.0.10.9/lib/openjdk-11.0.10.9.src/jdk.unsupported" type="simple" />
            <root url="file://D:/project/source-learn/openjdk-11.0.10.9/lib/openjdk-11.0.10.9.src/jdk.unsupported.desktop" type="simple" />
            <root url="file://D:/project/source-learn/openjdk-11.0.10.9/lib/openjdk-11.0.10.9.src/jdk.xml.dom" type="simple" />
            <root url="file://D:/project/source-learn/openjdk-11.0.10.9/lib/openjdk-11.0.10.9.src/jdk.zipfs" type="simple" />
          </root>
        </sourcePath>
      </roots>
      <additional />
    </jdk>
    <jdk version="2">
      <name value="openjdk_15" />
      <type value="JavaSDK" />
      <version value="java version &quot;15.0.2&quot;" />
      <homePath value="D:/project/source-learn/openjdk-15.0.2.7" />
      <roots>
        <annotationsPath>
          <root type="composite">
            <root url="jar://$APPLICATION_HOME_DIR$/plugins/java/lib/jdkAnnotations.jar!/" type="simple" />
          </root>
        </annotationsPath>
        <classPath>
          <root type="composite">
            <root url="jrt://D:/project/source-learn/openjdk-15.0.2.7!/java.base" type="simple" />
            <root url="jrt://D:/project/source-learn/openjdk-15.0.2.7!/java.compiler" type="simple" />
            <root url="jrt://D:/project/source-learn/openjdk-15.0.2.7!/java.datatransfer" type="simple" />
            <root url="jrt://D:/project/source-learn/openjdk-15.0.2.7!/java.desktop" type="simple" />
            <root url="jrt://D:/project/source-learn/openjdk-15.0.2.7!/java.instrument" type="simple" />
            <root url="jrt://D:/project/source-learn/openjdk-15.0.2.7!/java.logging" type="simple" />
            <root url="jrt://D:/project/source-learn/openjdk-15.0.2.7!/java.management" type="simple" />
            <root url="jrt://D:/project/source-learn/openjdk-15.0.2.7!/java.management.rmi" type="simple" />
            <root url="jrt://D:/project/source-learn/openjdk-15.0.2.7!/java.naming" type="simple" />
            <root url="jrt://D:/project/source-learn/openjdk-15.0.2.7!/java.net.http" type="simple" />
            <root url="jrt://D:/project/source-learn/openjdk-15.0.2.7!/java.prefs" type="simple" />
            <root url="jrt://D:/project/source-learn/openjdk-15.0.2.7!/java.rmi" type="simple" />
            <root url="jrt://D:/project/source-learn/openjdk-15.0.2.7!/java.scripting" type="simple" />
            <root url="jrt://D:/project/source-learn/openjdk-15.0.2.7!/java.se" type="simple" />
            <root url="jrt://D:/project/source-learn/openjdk-15.0.2.7!/java.security.jgss" type="simple" />
            <root url="jrt://D:/project/source-learn/openjdk-15.0.2.7!/java.security.sasl" type="simple" />
            <root url="jrt://D:/project/source-learn/openjdk-15.0.2.7!/java.smartcardio" type="simple" />
            <root url="jrt://D:/project/source-learn/openjdk-15.0.2.7!/java.sql" type="simple" />
            <root url="jrt://D:/project/source-learn/openjdk-15.0.2.7!/java.sql.rowset" type="simple" />
            <root url="jrt://D:/project/source-learn/openjdk-15.0.2.7!/java.transaction.xa" type="simple" />
            <root url="jrt://D:/project/source-learn/openjdk-15.0.2.7!/java.xml" type="simple" />
            <root url="jrt://D:/project/source-learn/openjdk-15.0.2.7!/java.xml.crypto" type="simple" />
            <root url="jrt://D:/project/source-learn/openjdk-15.0.2.7!/jdk.accessibility" type="simple" />
            <root url="jrt://D:/project/source-learn/openjdk-15.0.2.7!/jdk.aot" type="simple" />
            <root url="jrt://D:/project/source-learn/openjdk-15.0.2.7!/jdk.attach" type="simple" />
            <root url="jrt://D:/project/source-learn/openjdk-15.0.2.7!/jdk.charsets" type="simple" />
            <root url="jrt://D:/project/source-learn/openjdk-15.0.2.7!/jdk.compiler" type="simple" />
            <root url="jrt://D:/project/source-learn/openjdk-15.0.2.7!/jdk.crypto.cryptoki" type="simple" />
            <root url="jrt://D:/project/source-learn/openjdk-15.0.2.7!/jdk.crypto.ec" type="simple" />
            <root url="jrt://D:/project/source-learn/openjdk-15.0.2.7!/jdk.crypto.mscapi" type="simple" />
            <root url="jrt://D:/project/source-learn/openjdk-15.0.2.7!/jdk.dynalink" type="simple" />
            <root url="jrt://D:/project/source-learn/openjdk-15.0.2.7!/jdk.editpad" type="simple" />
            <root url="jrt://D:/project/source-learn/openjdk-15.0.2.7!/jdk.hotspot.agent" type="simple" />
            <root url="jrt://D:/project/source-learn/openjdk-15.0.2.7!/jdk.httpserver" type="simple" />
            <root url="jrt://D:/project/source-learn/openjdk-15.0.2.7!/jdk.incubator.foreign" type="simple" />
            <root url="jrt://D:/project/source-learn/openjdk-15.0.2.7!/jdk.incubator.jpackage" type="simple" />
            <root url="jrt://D:/project/source-learn/openjdk-15.0.2.7!/jdk.internal.ed" type="simple" />
            <root url="jrt://D:/project/source-learn/openjdk-15.0.2.7!/jdk.internal.jvmstat" type="simple" />
            <root url="jrt://D:/project/source-learn/openjdk-15.0.2.7!/jdk.internal.le" type="simple" />
            <root url="jrt://D:/project/source-learn/openjdk-15.0.2.7!/jdk.internal.opt" type="simple" />
            <root url="jrt://D:/project/source-learn/openjdk-15.0.2.7!/jdk.internal.vm.ci" type="simple" />
            <root url="jrt://D:/project/source-learn/openjdk-15.0.2.7!/jdk.internal.vm.compiler" type="simple" />
            <root url="jrt://D:/project/source-learn/openjdk-15.0.2.7!/jdk.internal.vm.compiler.management" type="simple" />
            <root url="jrt://D:/project/source-learn/openjdk-15.0.2.7!/jdk.jartool" type="simple" />
            <root url="jrt://D:/project/source-learn/openjdk-15.0.2.7!/jdk.javadoc" type="simple" />
            <root url="jrt://D:/project/source-learn/openjdk-15.0.2.7!/jdk.jcmd" type="simple" />
            <root url="jrt://D:/project/source-learn/openjdk-15.0.2.7!/jdk.jconsole" type="simple" />
            <root url="jrt://D:/project/source-learn/openjdk-15.0.2.7!/jdk.jdeps" type="simple" />
            <root url="jrt://D:/project/source-learn/openjdk-15.0.2.7!/jdk.jdi" type="simple" />
            <root url="jrt://D:/project/source-learn/openjdk-15.0.2.7!/jdk.jdwp.agent" type="simple" />
            <root url="jrt://D:/project/source-learn/openjdk-15.0.2.7!/jdk.jfr" type="simple" />
            <root url="jrt://D:/project/source-learn/openjdk-15.0.2.7!/jdk.jlink" type="simple" />
            <root url="jrt://D:/project/source-learn/openjdk-15.0.2.7!/jdk.jshell" type="simple" />
            <root url="jrt://D:/project/source-learn/openjdk-15.0.2.7!/jdk.jsobject" type="simple" />
            <root url="jrt://D:/project/source-learn/openjdk-15.0.2.7!/jdk.jstatd" type="simple" />
            <root url="jrt://D:/project/source-learn/openjdk-15.0.2.7!/jdk.localedata" type="simple" />
            <root url="jrt://D:/project/source-learn/openjdk-15.0.2.7!/jdk.management" type="simple" />
            <root url="jrt://D:/project/source-learn/openjdk-15.0.2.7!/jdk.management.agent" type="simple" />
            <root url="jrt://D:/project/source-learn/openjdk-15.0.2.7!/jdk.management.jfr" type="simple" />
            <root url="jrt://D:/project/source-learn/openjdk-15.0.2.7!/jdk.naming.dns" type="simple" />
            <root url="jrt://D:/project/source-learn/openjdk-15.0.2.7!/jdk.naming.rmi" type="simple" />
            <root url="jrt://D:/project/source-learn/openjdk-15.0.2.7!/jdk.net" type="simple" />
            <root url="jrt://D:/project/source-learn/openjdk-15.0.2.7!/jdk.nio.mapmode" type="simple" />
            <root url="jrt://D:/project/source-learn/openjdk-15.0.2.7!/jdk.sctp" type="simple" />
            <root url="jrt://D:/project/source-learn/openjdk-15.0.2.7!/jdk.security.auth" type="simple" />
            <root url="jrt://D:/project/source-learn/openjdk-15.0.2.7!/jdk.security.jgss" type="simple" />
            <root url="jrt://D:/project/source-learn/openjdk-15.0.2.7!/jdk.unsupported" type="simple" />
            <root url="jrt://D:/project/source-learn/openjdk-15.0.2.7!/jdk.unsupported.desktop" type="simple" />
            <root url="jrt://D:/project/source-learn/openjdk-15.0.2.7!/jdk.xml.dom" type="simple" />
            <root url="jrt://D:/project/source-learn/openjdk-15.0.2.7!/jdk.zipfs" type="simple" />
          </root>
        </classPath>
        <javadocPath>
          <root type="composite" />
        </javadocPath>
        <sourcePath>
          <root type="composite">
            <root url="file://D:/project/source-learn/openjdk-15.0.2.7/lib/openjdk-15.0.2.7.src/java.base" type="simple" />
            <root url="file://D:/project/source-learn/openjdk-15.0.2.7/lib/openjdk-15.0.2.7.src/java.compiler" type="simple" />
            <root url="file://D:/project/source-learn/openjdk-15.0.2.7/lib/openjdk-15.0.2.7.src/java.datatransfer" type="simple" />
            <root url="file://D:/project/source-learn/openjdk-15.0.2.7/lib/openjdk-15.0.2.7.src/java.desktop" type="simple" />
            <root url="file://D:/project/source-learn/openjdk-15.0.2.7/lib/openjdk-15.0.2.7.src/java.instrument" type="simple" />
            <root url="file://D:/project/source-learn/openjdk-15.0.2.7/lib/openjdk-15.0.2.7.src/java.logging" type="simple" />
            <root url="file://D:/project/source-learn/openjdk-15.0.2.7/lib/openjdk-15.0.2.7.src/java.management" type="simple" />
            <root url="file://D:/project/source-learn/openjdk-15.0.2.7/lib/openjdk-15.0.2.7.src/java.management.rmi" type="simple" />
            <root url="file://D:/project/source-learn/openjdk-15.0.2.7/lib/openjdk-15.0.2.7.src/java.naming" type="simple" />
            <root url="file://D:/project/source-learn/openjdk-15.0.2.7/lib/openjdk-15.0.2.7.src/java.net.http" type="simple" />
            <root url="file://D:/project/source-learn/openjdk-15.0.2.7/lib/openjdk-15.0.2.7.src/java.prefs" type="simple" />
            <root url="file://D:/project/source-learn/openjdk-15.0.2.7/lib/openjdk-15.0.2.7.src/java.rmi" type="simple" />
            <root url="file://D:/project/source-learn/openjdk-15.0.2.7/lib/openjdk-15.0.2.7.src/java.scripting" type="simple" />
            <root url="file://D:/project/source-learn/openjdk-15.0.2.7/lib/openjdk-15.0.2.7.src/java.security.jgss" type="simple" />
            <root url="file://D:/project/source-learn/openjdk-15.0.2.7/lib/openjdk-15.0.2.7.src/java.security.sasl" type="simple" />
            <root url="file://D:/project/source-learn/openjdk-15.0.2.7/lib/openjdk-15.0.2.7.src/java.smartcardio" type="simple" />
            <root url="file://D:/project/source-learn/openjdk-15.0.2.7/lib/openjdk-15.0.2.7.src/java.sql" type="simple" />
            <root url="file://D:/project/source-learn/openjdk-15.0.2.7/lib/openjdk-15.0.2.7.src/java.sql.rowset" type="simple" />
            <root url="file://D:/project/source-learn/openjdk-15.0.2.7/lib/openjdk-15.0.2.7.src/java.transaction.xa" type="simple" />
            <root url="file://D:/project/source-learn/openjdk-15.0.2.7/lib/openjdk-15.0.2.7.src/java.xml" type="simple" />
            <root url="file://D:/project/source-learn/openjdk-15.0.2.7/lib/openjdk-15.0.2.7.src/java.xml.crypto" type="simple" />
            <root url="file://D:/project/source-learn/openjdk-15.0.2.7/lib/openjdk-15.0.2.7.src/jdk.accessibility" type="simple" />
            <root url="file://D:/project/source-learn/openjdk-15.0.2.7/lib/openjdk-15.0.2.7.src/jdk.aot/jdk.tools.jaotc.binformat/src" type="simple" />
            <root url="file://D:/project/source-learn/openjdk-15.0.2.7/lib/openjdk-15.0.2.7.src/jdk.aot/jdk.tools.jaotc.test/src" type="simple" />
            <root url="file://D:/project/source-learn/openjdk-15.0.2.7/lib/openjdk-15.0.2.7.src/jdk.aot/jdk.tools.jaotc/src" type="simple" />
            <root url="file://D:/project/source-learn/openjdk-15.0.2.7/lib/openjdk-15.0.2.7.src/jdk.attach" type="simple" />
            <root url="file://D:/project/source-learn/openjdk-15.0.2.7/lib/openjdk-15.0.2.7.src/jdk.charsets" type="simple" />
            <root url="file://D:/project/source-learn/openjdk-15.0.2.7/lib/openjdk-15.0.2.7.src/jdk.compiler" type="simple" />
            <root url="file://D:/project/source-learn/openjdk-15.0.2.7/lib/openjdk-15.0.2.7.src/jdk.crypto.cryptoki" type="simple" />
            <root url="file://D:/project/source-learn/openjdk-15.0.2.7/lib/openjdk-15.0.2.7.src/jdk.crypto.ec" type="simple" />
            <root url="file://D:/project/source-learn/openjdk-15.0.2.7/lib/openjdk-15.0.2.7.src/jdk.crypto.mscapi" type="simple" />
            <root url="file://D:/project/source-learn/openjdk-15.0.2.7/lib/openjdk-15.0.2.7.src/jdk.dynalink" type="simple" />
            <root url="file://D:/project/source-learn/openjdk-15.0.2.7/lib/openjdk-15.0.2.7.src/jdk.editpad" type="simple" />
            <root url="file://D:/project/source-learn/openjdk-15.0.2.7/lib/openjdk-15.0.2.7.src/jdk.hotspot.agent" type="simple" />
            <root url="file://D:/project/source-learn/openjdk-15.0.2.7/lib/openjdk-15.0.2.7.src/jdk.httpserver" type="simple" />
            <root url="file://D:/project/source-learn/openjdk-15.0.2.7/lib/openjdk-15.0.2.7.src/jdk.incubator.foreign" type="simple" />
            <root url="file://D:/project/source-learn/openjdk-15.0.2.7/lib/openjdk-15.0.2.7.src/jdk.incubator.jpackage" type="simple" />
            <root url="file://D:/project/source-learn/openjdk-15.0.2.7/lib/openjdk-15.0.2.7.src/jdk.internal.ed" type="simple" />
            <root url="file://D:/project/source-learn/openjdk-15.0.2.7/lib/openjdk-15.0.2.7.src/jdk.internal.jvmstat" type="simple" />
            <root url="file://D:/project/source-learn/openjdk-15.0.2.7/lib/openjdk-15.0.2.7.src/jdk.internal.le" type="simple" />
            <root url="file://D:/project/source-learn/openjdk-15.0.2.7/lib/openjdk-15.0.2.7.src/jdk.internal.opt" type="simple" />
            <root url="file://D:/project/source-learn/openjdk-15.0.2.7/lib/openjdk-15.0.2.7.src/jdk.internal.vm.ci/jdk.vm.ci.aarch64/src" type="simple" />
            <root url="file://D:/project/source-learn/openjdk-15.0.2.7/lib/openjdk-15.0.2.7.src/jdk.internal.vm.ci/jdk.vm.ci.amd64/src" type="simple" />
            <root url="file://D:/project/source-learn/openjdk-15.0.2.7/lib/openjdk-15.0.2.7.src/jdk.internal.vm.ci/jdk.vm.ci.code/src" type="simple" />
            <root url="file://D:/project/source-learn/openjdk-15.0.2.7/lib/openjdk-15.0.2.7.src/jdk.internal.vm.ci/jdk.vm.ci.common/src" type="simple" />
            <root url="file://D:/project/source-learn/openjdk-15.0.2.7/lib/openjdk-15.0.2.7.src/jdk.internal.vm.ci/jdk.vm.ci.hotspot.aarch64/src" type="simple" />
            <root url="file://D:/project/source-learn/openjdk-15.0.2.7/lib/openjdk-15.0.2.7.src/jdk.internal.vm.ci/jdk.vm.ci.hotspot.amd64/src" type="simple" />
            <root url="file://D:/project/source-learn/openjdk-15.0.2.7/lib/openjdk-15.0.2.7.src/jdk.internal.vm.ci/jdk.vm.ci.hotspot/src" type="simple" />
            <root url="file://D:/project/source-learn/openjdk-15.0.2.7/lib/openjdk-15.0.2.7.src/jdk.internal.vm.ci/jdk.vm.ci.meta/src" type="simple" />
            <root url="file://D:/project/source-learn/openjdk-15.0.2.7/lib/openjdk-15.0.2.7.src/jdk.internal.vm.ci/jdk.vm.ci.runtime/src" type="simple" />
            <root url="file://D:/project/source-learn/openjdk-15.0.2.7/lib/openjdk-15.0.2.7.src/jdk.internal.vm.ci/jdk.vm.ci.services/src" type="simple" />
            <root url="file://D:/project/source-learn/openjdk-15.0.2.7/lib/openjdk-15.0.2.7.src/jdk.internal.vm.compiler" type="simple" />
            <root url="file://D:/project/source-learn/openjdk-15.0.2.7/lib/openjdk-15.0.2.7.src/jdk.internal.vm.compiler.management/org.graalvm.compiler.hotspot.management/src" type="simple" />
            <root url="file://D:/project/source-learn/openjdk-15.0.2.7/lib/openjdk-15.0.2.7.src/jdk.jartool" type="simple" />
            <root url="file://D:/project/source-learn/openjdk-15.0.2.7/lib/openjdk-15.0.2.7.src/jdk.javadoc" type="simple" />
            <root url="file://D:/project/source-learn/openjdk-15.0.2.7/lib/openjdk-15.0.2.7.src/jdk.jcmd" type="simple" />
            <root url="file://D:/project/source-learn/openjdk-15.0.2.7/lib/openjdk-15.0.2.7.src/jdk.jconsole" type="simple" />
            <root url="file://D:/project/source-learn/openjdk-15.0.2.7/lib/openjdk-15.0.2.7.src/jdk.jdeps" type="simple" />
            <root url="file://D:/project/source-learn/openjdk-15.0.2.7/lib/openjdk-15.0.2.7.src/jdk.jdi" type="simple" />
            <root url="file://D:/project/source-learn/openjdk-15.0.2.7/lib/openjdk-15.0.2.7.src/jdk.jfr" type="simple" />
            <root url="file://D:/project/source-learn/openjdk-15.0.2.7/lib/openjdk-15.0.2.7.src/jdk.jlink" type="simple" />
            <root url="file://D:/project/source-learn/openjdk-15.0.2.7/lib/openjdk-15.0.2.7.src/jdk.jshell" type="simple" />
            <root url="file://D:/project/source-learn/openjdk-15.0.2.7/lib/openjdk-15.0.2.7.src/jdk.jsobject" type="simple" />
            <root url="file://D:/project/source-learn/openjdk-15.0.2.7/lib/openjdk-15.0.2.7.src/jdk.jstatd" type="simple" />
            <root url="file://D:/project/source-learn/openjdk-15.0.2.7/lib/openjdk-15.0.2.7.src/jdk.localedata" type="simple" />
            <root url="file://D:/project/source-learn/openjdk-15.0.2.7/lib/openjdk-15.0.2.7.src/jdk.management" type="simple" />
            <root url="file://D:/project/source-learn/openjdk-15.0.2.7/lib/openjdk-15.0.2.7.src/jdk.management.agent" type="simple" />
            <root url="file://D:/project/source-learn/openjdk-15.0.2.7/lib/openjdk-15.0.2.7.src/jdk.management.jfr" type="simple" />
            <root url="file://D:/project/source-learn/openjdk-15.0.2.7/lib/openjdk-15.0.2.7.src/jdk.naming.dns" type="simple" />
            <root url="file://D:/project/source-learn/openjdk-15.0.2.7/lib/openjdk-15.0.2.7.src/jdk.naming.rmi" type="simple" />
            <root url="file://D:/project/source-learn/openjdk-15.0.2.7/lib/openjdk-15.0.2.7.src/jdk.net" type="simple" />
            <root url="file://D:/project/source-learn/openjdk-15.0.2.7/lib/openjdk-15.0.2.7.src/jdk.nio.mapmode" type="simple" />
            <root url="file://D:/project/source-learn/openjdk-15.0.2.7/lib/openjdk-15.0.2.7.src/jdk.sctp" type="simple" />
            <root url="file://D:/project/source-learn/openjdk-15.0.2.7/lib/openjdk-15.0.2.7.src/jdk.security.auth" type="simple" />
            <root url="file://D:/project/source-learn/openjdk-15.0.2.7/lib/openjdk-15.0.2.7.src/jdk.security.jgss" type="simple" />
            <root url="file://D:/project/source-learn/openjdk-15.0.2.7/lib/openjdk-15.0.2.7.src/jdk.unsupported" type="simple" />
            <root url="file://D:/project/source-learn/openjdk-15.0.2.7/lib/openjdk-15.0.2.7.src/jdk.unsupported.desktop" type="simple" />
            <root url="file://D:/project/source-learn/openjdk-15.0.2.7/lib/openjdk-15.0.2.7.src/jdk.xml.dom" type="simple" />
            <root url="file://D:/project/source-learn/openjdk-15.0.2.7/lib/openjdk-15.0.2.7.src/jdk.zipfs" type="simple" />
          </root>
        </sourcePath>
      </roots>
      <additional />
    </jdk>
    <jdk version="2">
      <name value="Kotlin SDK" />
      <type value="KotlinSDK" />
      <version value="1.4.30" />
      <homePath value="C:\Users\11105157\AppData\Roaming\JetBrains\IntelliJIdea2020.3\plugins\Kotlin\kotlinc" />
      <roots>
        <annotationsPath>
          <root type="composite" />
        </annotationsPath>
        <classPath>
          <root type="composite" />
        </classPath>
        <javadocPath>
          <root type="composite" />
        </javadocPath>
        <sourcePath>
          <root type="composite" />
        </sourcePath>
      </roots>
      <additional />
    </jdk>
    <jdk version="2">
      <name value="1.8" />
      <type value="JavaSDK" />
      <version value="java version &quot;1.8.0_282&quot;" />
      <homePath value="D:/project/source-learn/openjdk-1.8.0.282" />
      <roots>
        <annotationsPath>
          <root type="composite">
            <root url="jar://$APPLICATION_HOME_DIR$/plugins/java/lib/jdkAnnotations.jar!/" type="simple" />
          </root>
        </annotationsPath>
        <classPath>
          <root type="composite">
            <root url="jar://D:/project/source-learn/openjdk-1.8.0.282/jre/lib/charsets.jar!/" type="simple" />
            <root url="jar://D:/project/source-learn/openjdk-1.8.0.282/jre/lib/ext/access-bridge-64.jar!/" type="simple" />
            <root url="jar://D:/project/source-learn/openjdk-1.8.0.282/jre/lib/ext/cldrdata.jar!/" type="simple" />
            <root url="jar://D:/project/source-learn/openjdk-1.8.0.282/jre/lib/ext/dnsns.jar!/" type="simple" />
            <root url="jar://D:/project/source-learn/openjdk-1.8.0.282/jre/lib/ext/jaccess.jar!/" type="simple" />
            <root url="jar://D:/project/source-learn/openjdk-1.8.0.282/jre/lib/ext/localedata.jar!/" type="simple" />
            <root url="jar://D:/project/source-learn/openjdk-1.8.0.282/jre/lib/ext/nashorn.jar!/" type="simple" />
            <root url="jar://D:/project/source-learn/openjdk-1.8.0.282/jre/lib/ext/sunec.jar!/" type="simple" />
            <root url="jar://D:/project/source-learn/openjdk-1.8.0.282/jre/lib/ext/sunjce_provider.jar!/" type="simple" />
            <root url="jar://D:/project/source-learn/openjdk-1.8.0.282/jre/lib/ext/sunmscapi.jar!/" type="simple" />
            <root url="jar://D:/project/source-learn/openjdk-1.8.0.282/jre/lib/ext/sunpkcs11.jar!/" type="simple" />
            <root url="jar://D:/project/source-learn/openjdk-1.8.0.282/jre/lib/ext/zipfs.jar!/" type="simple" />
            <root url="jar://D:/project/source-learn/openjdk-1.8.0.282/jre/lib/jce.jar!/" type="simple" />
            <root url="jar://D:/project/source-learn/openjdk-1.8.0.282/jre/lib/jfr.jar!/" type="simple" />
            <root url="jar://D:/project/source-learn/openjdk-1.8.0.282/jre/lib/jsse.jar!/" type="simple" />
            <root url="jar://D:/project/source-learn/openjdk-1.8.0.282/jre/lib/management-agent.jar!/" type="simple" />
            <root url="jar://D:/project/source-learn/openjdk-1.8.0.282/jre/lib/resources.jar!/" type="simple" />
            <root url="jar://D:/project/source-learn/openjdk-1.8.0.282/jre/lib/rt.jar!/" type="simple" />
          </root>
        </classPath>
        <javadocPath>
          <root type="composite" />
        </javadocPath>
        <sourcePath>
          <root type="composite">
            <root url="jar://D:/project/source-learn/openjdk-1.8.0.282/src.zip!/" type="simple" />
          </root>
        </sourcePath>
      </roots>
      <additional />
    </jdk>
  </component>
</application>