<application>
  <component name="RainbowSettings">
    <option name="applyColorsOfRoundForAllBrackets" value="true" />
    <option name="cycleCountOnAllBrackets" value="true" />
    <option name="doNOTRainbowifyTemplateString" value="true" />
    <option name="doNOTRainbowifyTheFirstLevel" value="true" />
    <option name="numberOfColors" value="4" />
    <option name="pressAnyKeyToRemoveTheHighlightingEffects" value="true" />
    <option name="rainbowifyTagNameInXML" value="true" />
    <option name="suppressBigFileCheck" value="true" />
    <option name="version" value="6.17" />
  </component>
</application>