<application>
  <component name="AppStorage">
    <option name="newTranslationDialogWidth" value="596" />
    <option name="newTranslationDialogX" value="760" />
    <option name="newTranslationDialogY" value="510" />
    <histories>
      <item value="Abort" />
      <item value="Compliant " />
      <item value="Noncompliant Code Example" />
      <item value="Constant names should comply with a naming convention" />
      <item value="Workbook" />
      <item value="Disposable" />
      <item value="konghq" />
      <item value="elite" />
      <item value="confer" />
      <item value="throttled" />
      <item value="ignore throttled" />
      <item value="fragments" />
      <item value="Exhausted" />
      <item value="Constant" />
      <item value="accused" />
      <item value="appellant" />
      <item value="anti Spam" />
      <item value="report" />
      <item value="split" />
      <item value="param" />
      <item value="Adapter" />
      <item value="repeted" />
      <item value="Endpoint" />
      <item value="Prefix" />
      <item value="suffix" />
      <item value="digest" />
      <item value="oblique" />
      <item value="italic" />
      <item value="Conventions" />
      <item value="decorated" />
      <item value="collection" />
      <item value="storage" />
      <item value="quickcomments" />
      <item value="MALFORMED" />
      <item value="CURRENT" />
      <item value="29287" />
      <item value="guava" />
      <item value="audit" />
      <item value=" Use the primitive boolean expression here. " />
      <item value="Agent Message DTO" />
      <item value="Episode" />
      <item value="Eposide" />
      <item value="user" />
      <item value="followed" />
      <item value="status" />
      <item value="tip" />
      <item value="Tip" />
      <item value="合集Tip类型" />
      <item value="Closure" />
      <item value="longitude" />
    </histories>
    <option name="languageScores">
      <map>
        <entry key="CHINESE" value="61" />
        <entry key="ENGLISH" value="59" />
        <entry key="ESTONIAN" value="1" />
        <entry key="NORWEGIAN" value="1" />
        <entry key="PORTUGUESE" value="2" />
      </map>
    </option>
  </component>
  <component name="Cache">
    <option name="lastTrimTime" value="1620267599312" />
  </component>
  <component name="Settings">
    <option name="foldOriginal" value="true" />
    <option name="googleTranslateSettings">
      <google-translate>
        <option name="useTranslateGoogleCom" value="true" />
      </google-translate>
    </option>
    <option name="keepFormat" value="true" />
    <option name="overrideFont" value="true" />
    <option name="phoneticFontFamily" value="Lucida Sans Unicode" />
    <option name="primaryFontFamily" value="Microsoft YaHei" />
    <option name="translateDocumentation" value="true" />
    <option name="translator" value="YOUDAO" />
    <option name="youdaoTranslateSettings">
      <youdao-translate>
        <option name="appId" value="35b2d0f445be852c" />
      </youdao-translate>
    </option>
  </component>
</application>